{
  "rows_used": 949,
  "countries_represented": 48,
  "silhouette_at_k5": 0.28143021229114173,
  "cluster_profile": {
    "subscribers": {
      "0.0": 36500000.0,
      "1.0": 16000000.0,
      "2.0": 14850000.0,
      "3.0": 20650000.0,
      "4.0": 16900000.0
    },
    "video views": {
      "0.0": 22553923546.0,
      "1.0": 7450345720.0,
      "2.0": 2154513266.0,
      "3.0": 9401837624.0,
      "4.0": 9465863821.0
    },
    "uploads": {
      "0.0": 1331.0,
      "1.0": 719.0,
      "2.0": 461.0,
      "3.0": 11.5,
      "4.0": 10022.0
    },
    "views_per_sub": {
      "0.0": 592.1,
      "1.0": 435.9,
      "2.0": 132.6,
      "3.0": 444.7,
      "4.0": 548.5
    },
    "views_per_upload": {
      "0.0": 16748105.3,
      "1.0": 10426652.1,
      "2.0": 3586442.0,
      "3.0": 668245406.4,
      "4.0": 767050.6
    },
    "uploads_per_sub": {
      "0.0": 33.4,
      "1.0": 42.6,
      "2.0": 29.5,
      "3.0": 0.5,
      "4.0": 565.1
    },
    "count": {
      "0.0": 135,
      "1.0": 367,
      "2.0": 158,
      "3.0": 114,
      "4.0": 175
    }
  },
  "cluster_exemplars": {
    "0": [
      "T-Series",
      "MrBeast",
      "Cocomelon - Nursery Rhymes",
      "SET India",
      "\u00fd\u00fd\u00fd Kids Diana Show"
    ],
    "1": [
      "Ricis Official",
      "MR. INDIAN HACKER",
      "TheDonato",
      "Shemaroo Movies",
      "\u00fd\u00fd\u00fd Kids Roma Show"
    ],
    "2": [
      "whinderssonnunes",
      "CarryMinati",
      "YouTube",
      "Jess No Limit",
      "Dream"
    ],
    "3": [
      "Goldmines",
      "5-Minute Crafts",
      "T-Series Bhakti Sagar",
      "LooLoo Kids - Nursery Rhymes and Children's Songs",
      "Billie Eilish"
    ],
    "4": [
      "Aaj Tak",
      "HAR PAL GEO",
      "ABS-CBN Entertainment",
      "ARY Digital HD",
      "WorkpointOfficial"
    ]
  },
  "teaching_animation_frames": 51,
  "earnings_band_ratio_median": 16.0,
  "earnings_band_ratio_p90": 16.229423421650292
}